Company Name,Address,Phone,Website
Architas Multi-Manager Limited,5 Old Broad St    London  EC2N 1AD UNITED KINGDOM , 44 02075624800 ,www.architas.com
Arcus European Investment Manager LLP,2nd Floor 6-16 St. Andrew Street   London  EC4A 3AE UNITED KINGDOM , 44 207832400 ,
Housing Growth Partnership Manager Limited,10 Gresham Street    London  EC2V 7AE UNITED KINGDOM , 44 07780698426 ,www.housinggrowth.com
London Plus Credit Union Limited,274 North End Road    London  SW6 1NJ UNITED KINGDOM , +44 02074712620 ,www.londonpluscu.co.uk
Threadneedle Navigator ISA Manager Limited,78 Cannon Street    London  EC4N 6AG UNITED KINGDOM , 44 02074645000 ,www.columbiathreadneedle.com
Barrington Jarvis Limited,Charlotte House 536 Etruria Road   Newcastle-under-Lyme Staffordshire ST5 0SX UNITED KINGDOM , 44 01782557200 ,
Redevco Value Add Investment Manager Limited,1 James Street    London  W1U 1DR UNITED KINGDOM , +44 2074099777 ,www.redevco.com
PiP Manager Limited,Birchin Court 20 Birchin Lane     EC3V 9DU UNITED KINGDOM , 44 2076011751 ,
Engineers Gate Manager UK LLP,20 Fenchurch Street    London  EC3M 3BY UNITED KINGDOM , 44 2038681620 ,http://www.eglp.com
PHM Wealth Management LLP,Charlotte House 536 Etruria Road   Newcastle Staffordshire ST5 0SX UNITED KINGDOM , 44 01782557211 ,
Entrepreneur First Investment Manager LLP,M Block The Biscuit Factory 100 Clements Road  London  SE16 4DG UNITED KINGDOM ,   ,www.jonef.com
AM&A Investment & Pension Planning Ltd,Kinnetic Business Centre Theobald Street   Borehamwood Hertfordshire WD6 4PJ UNITED KINGDOM , 44 02083871231 ,
BMO AM Multi-Manager LLP,Exchange House Primrose St    London  EC2A 2ny UNITED KINGDOM , +44 02076288000 ,www.bmogam.com
Freehold Managers Plc,Butlers Wharf Building 36 Shad Thames   London  SE1 2YE UNITED KINGDOM , 44 02079404760 ,www.fmplc.co.uk
Seraphim Space (Manager) LLP,50 Worship Street    London  EC2A 2EA UNITED KINGDOM , 44 2036742805 ,http://www.seraphimcapital.co.uk
Broxbourne Citizens Advice Bureau,13-15 East Gate   Harlow Essex CM20 1HP UNITED KINGDOM , 44 7956591258 ,
The Insurance Manager Ltd,Suites 7 & 8 The Courtyard Parsonage Farm Throwley Faversham Kent ME13 0PN UNITED KINGDOM , 44 01795890804 ,www.theinsurancemanager.co.uk
"Columbia Lake Partners Manager, LLP",Unit V404 Vox Studios 1-45 Durham Street  London  SE11 5JH UNITED KINGDOM , +44 2030342051 ,
Ashfield Citizens Advice Bureau,Ashfield Health and Wellbeing Centre Portland Street Kirkby-in-Ashfield  Nottingham Nottinghamshire NG17 7AE UNITED KINGDOM , +44 01623784350 ,www.ashfieldca.org.uk
Global Health Manager Limited,118 Hampton Road    Ilford  IG1 1PU UNITED KINGDOM , +44 2071834310 ,www.rightchoiceuk.com
Epsom & Ewell Citizens Advice Bureau,The Old Town Hall The Parade   EPSOM Surrey KT18 5AG UNITED KINGDOM , +44 01372732626 ,
WREXHAM AND DISTRICT CITIZENS ADVICE BUREAUX,35 Grosvenor Road    WREXHAM  LL11 1BT UNITED KINGDOM , +44 01978358526 ,
Monmouthshire County CAB,THE GATEHOUSE HIGH STREET   CHEPSTOW Monmouthshire NP16 5LH UNITED KINGDOM , +44 01291423844 ,
Citizens Advice South Warwickshire,10 Hamilton Terrace    LEAMINGTON SPA Warwickshire CV32 4LY UNITED KINGDOM , 44 1926457907 ,casouthwarwickshire.org.uk
Dunstable and District Citizens Advice Bureau,Grove House 76 High Street North   DUNSTABLE Bedfordshire LU6 1NF UNITED KINGDOM , +44 01582665629 ,
Harlow Citizens Advice Bureau,15-17 Westgate The High   HARLOW Essex CM20 1JP UNITED KINGDOM , +44 01279770181 ,
Welwyn Hatfield Citizens Advice Bureau,1st Floor Queensway House Queensway  HATFIELD Hertfordshire AL10 0LW UNITED KINGDOM , +44 01707280410 ,
Chiltern Citizens Advice Bureau Ltd,Townsend House Townsend Road   CHESHAM Buckinghamshire HP5 2AA UNITED KINGDOM , +44 01494774748 ,
Citizens Advice Services Corby & Kettering,The Corby Cube Parkland Gateway George Street  CORBY Northamptonshire NN17 1QG UNITED KINGDOM , +44 01536403804 ,
York & District Citizens Advice Bureau,West Offices Station Rise   YORK North Yorkshire YO1 6GA UNITED KINGDOM , +44 01904623648 ,
Northumbrian Citizens Advice Bureau,89 Station Road    Ashington Northumberland NE63 8RS UNITED KINGDOM , +44 07384510724 ,
Eastleigh Citizens Advice Bureau,101 Leigh Road    EASTLEIGH Hampshire SO50 9DR UNITED KINGDOM , +44 02380642699 ,
"Diss, Thetford & District Citizens Advice Bureau",Shelfanger Road    DISS Norfolk IP22 4EH UNITED KINGDOM , +44 01379642291 ,
Sedgemoor Citizens Advice Bureau,Royal Clarence House High Street   Bridgwater Somerset TA6 3BH UNITED KINGDOM , +44 01278459009 ,www.sedgemoorcab.org.uk
Middlesbrough Citizens Advice Bureau,3 Bolckow Street    MIDDLESBROUGH Cleveland TS1 1TH UNITED KINGDOM , +44 01642802280 ,
Newmarket Citizens Advice Bureau,Foley Gate Wellington Street   NEWMARKET Suffolk CB8 0HY UNITED KINGDOM , +44 01638660333 ,
PEEBLES AND DISTRICT CITIZENS ADVICE BUREAU,"Chambers Institution, High Street   Peebles Borders EH45 8AG UNITED KINGDOM ", 44 1721721722 ,
Christchurch Citizens Advice Bureau,2 Sopers Lane    CHRISTCHURCH Dorset BH23 1JG UNITED KINGDOM , +44 01202470917 ,
Pembrokeshire Citizens Advice Bureau,43 Cartlett    Haverfordwest Pembrokeshire SA61 2LH UNITED KINGDOM , +44 01437765245 ,
Weymouth & Portland Citizens Advice Bureau,2 Mulberry Terrace Great George Street   WEYMOUTH Dorset DT4 8NQ UNITED KINGDOM , +44 01305770325 ,
Dartford Citizens Advice Bureau,Trinity Resource Centre High Street   DARTFORD Kent DA1 1DE UNITED KINGDOM , +44 01322270947 ,
Test Valley Citizens Advice Bureau,5 Abbey Walk Church Street   Romsey Hampshire SO51 8JQ UNITED KINGDOM , +44 01794830406 ,
Instant Business Manager Limited,Gothersley Hall Greensforge Lane   Stourbridge West Midlands DY7 5AZ UNITED KINGDOM , +44 01384877444 ,www.instantbusinessmanager.co.uk
Oxted Citizens Advice Bureau,1st Floor Library Building 14 Gresham Road   OXTED Surrey RH8 0BQ UNITED KINGDOM , +44 01883717525 ,
Folkestone (Shepway) Citizens Advice Bureau,Folkestone Library 2 Grace Hill   FOLKESTONE Kent CT20 1HD UNITED KINGDOM , +44 01303244511 ,
Gosport Citizens Advice Bureau,Martin Snape House 96 Pavilion Way St George Barrack  GOSPORT Hampshire PO12 1GE UNITED KINGDOM , +44 02392604601 ,
Suffolk West Citizens Advice Bureau,The Risbygate Centre 90 Risbygate Street   BURY ST EDMUNDS Suffolk IP33 3AA UNITED KINGDOM , +44 01284767572 ,
Preston Citizens Advice Bureau,Town Hall Annexe Birley Street   PRESTON Lancashire PR1 2QE UNITED KINGDOM , +44 01772906431 ,
Central & East Northamptonshire Citizens Advice Bureau,Town Centre House 7/8 Mercers Row   NORTHAMPTON Northamptonshire NN1 2QL UNITED KINGDOM , +44 01604235085 ,
Ribble Valley Citizens Advice Bureau,19-21 Wesleyan Row Parson Lane   CLITHEROE Lancashire BB7 2JY UNITED KINGDOM , +44 01200428998 ,
Harrogate Citizens Advice Bureau,Audrey Burton House Queensway   HARROGATE North Yorkshire HG1 5LX UNITED KINGDOM , +44 01423560840 ,
Ipswich & District Citizens Advice Bureau,19 Tower Street    IPSWICH Suffolk IP1 3BE UNITED KINGDOM , +44 01473219770 ,
East Dorset Citizens Advice Bureau,Hanham Road    WIMBORNE Dorset BH21 1AS UNITED KINGDOM , +44 01202857107 ,
Warrington District Citizens Advice Bureau,The Gateway 89 Sankey Street   WARRINGTON Cheshire WA1 1SR UNITED KINGDOM , +44 01925246970 ,
Fareham Citizens Advice Bureau,1st Floor County Library Building Osborn Road  FAREHAM Hampshire PO16 7EN UNITED KINGDOM , +44 01329237121 ,
Mid-Bedfordshire Citizens Advice Bureau,10 Bedford Street    Ampthill Bedfordshire MK45 2NB UNITED KINGDOM , +44 01525841592 ,
Brentwood Citizens Advice Bureau,8 - 12 Crown Street    BRENTWOOD Essex CM14 4BA UNITED KINGDOM , +44 01277220248 ,
Bedford & District Citizens Advice Bureau,7a St Paul's Square    BEDFORD Bedfordshire MK40 1SQ UNITED KINGDOM , +44 01234346543 ,
Redcar & Cleveland Citizens Advice Bureau,88 WESTGATE    GUISBOROUGH CLEVELAND TS14 6AP UNITED KINGDOM , +44 01287203324 ,
Scunthorpe Citizens Advice Bureau,12 Oswald Road    SCUNTHORPE North Lincolnshire DN15 7PT UNITED KINGDOM , 44 1724878010 ,
Cumbria Rural Citizens Advice Bureau,"First Floor, The Library Ellerthwaite Road   WINDERMERE Cumbria LA23 2AJ UNITED KINGDOM ", +44 01539447185 ,
Rother District Citizens Advice Bureau,Bank Chambers Buckhurst Road   BEXHILL-ON-SEA East Sussex TN40 1QF UNITED KINGDOM , +44 01424221146 ,
Mid Norfolk Citizens Advice Bureau,Assembly Rooms Ruthen Place   DEREHAM Norfolk NR19 2TX UNITED KINGDOM , +44 01362692546 ,
Cyngor ar Bopeth Powys Citizens Advice Bureau,Lady well House Frolic Street Entrance   NEWTOWN Powys SY16 1QS UNITED KINGDOM , +44 01686628963 ,
Paul Woodhouse,384-386 Norton Road    Stockton-on-Tees Durham TS20 2QL UNITED KINGDOM , +44 01642553408 ,www.grangedentalpractice.com
Forest of Dean Citizens Advice Bureau,Forest Road Centre St Stephens Hall Forest Road  CINDERFORD Gloucestershire GL14 2NR UNITED KINGDOM , +44 01594823937 ,
Citizens Advice Guildford,15-21 Haydon Place   Guildford Surrey GU1 4LL UNITED KINGDOM , 44 1483230843 ,www.guildfordcab.org.uk
East Devon Citizens Advice Bureau,Honiton Library & Information Centre 48-50 New Street   HONITON Devon EX14 1BS UNITED KINGDOM , +44 0140447354 ,
Reigate & Banstead District Citizens Advice Bureaux,24 Cromwell Road    REDHILL Surrey RH1 1RT UNITED KINGDOM , +44 01737766061 ,
Ryedale Citizens Advice Bureau,Stanley Harrison House Norton Road Norton  MALTON North Yorkshire YO17 9RD UNITED KINGDOM , +44 01653692867 ,
MacFie & Co. Management Services,5 Cathkinview Road    Glasgow Lanarkshire G42 9EA UNITED KINGDOM , 44 01416325588 ,www.macfie.com
Swindon Citizens Advice Bureau,Faringdon House 1 Faringdon Road   SWINDON Wiltshire SN1 5AR UNITED KINGDOM , +44 01793618781 ,
Citizens Advice Bicester,The Garth Launton Road   BICESTER Oxfordshire OX26 6PS UNITED KINGDOM , +44 01869353962 ,
Mid Suffolk Citizens Advice Bureau,5 Milton Road South    STOWMARKET Suffolk IP14 1EZ UNITED KINGDOM , +44 01449742473 ,
Centre 70,46 Knights Hill    London  SE27 0JD UNITED KINGDOM , +44 02086700070 ,
Citizens Advice Cheadle,Rear of Lulworth House 51 High Street   CHEADLE Staffordshire ST10 1JY UNITED KINGDOM , +44 01538751816 ,
Watford Citizens Advice Bureau,St Mary's Churchyard High St   WATFORD Hertfordshire WD17 2BE UNITED KINGDOM , +44 01923224531 ,
Walton Weybridge & Hersham Citizens Advice Bureau,Elmbridge Community Hub The Old School House 72 High Street  WALTON-ON-THAMES Surrey KT12 1BU UNITED KINGDOM , +44 01932248670 ,
Turriff and District Citizens Advice Bureau,Masonic Building Gladstone Terrace   Turriff Aberdeenshire & Grampian AB53 4AT UNITED KINGDOM , 44 1888562495 ,
Eastbourne Citizens Advice Bureau,Unit 6 Highlight House 8 St Leonards Road  EASTBOURNE East Sussex BN21 3UH UNITED KINGDOM , +44 01323413480 ,
Copeland District Citizens Advice,Tangier Buildings Gregg's Lane (Off Tangier St)  WHITEHAVEN Cumbria CA28 7UH UNITED KINGDOM , +44 01946693321 ,
Bellshill & District Citizens Advice Bureau,6 Hamilton Road    Bellshill North Lanarkshire ML4 1AQ UNITED KINGDOM , 44 1698748615 ,
Uttlesford Citizens Advice Bureau,Barnard's Yard Uttlesford   SAFFRON WALDEN Essex CB11 4EB UNITED KINGDOM , +44 01799618846 ,
Maldon & District Citizens Advice Bureau,St Cedds House Princes Road   MALDON Essex CM9 5NY UNITED KINGDOM , +44 01621874482 ,
Aberdeen Asset Managers Limited,Bow Bells House 1 Bread Street   London  EC4M 9HH UNITED KINGDOM , 44 2074636000 ,www.aberdeenstandard.com
AXA Investment Managers UK Ltd,7 Newgate Street    London  EC1A 7NX UNITED KINGDOM , 44 02070031000 ,www.axa-im.co.uk
Aberdeen Standard Fund Managers Limited,Bow Bells House 1 Bread Street   London  EC4M 9HH UNITED KINGDOM , 44 02074636000 ,www.aberdeenstandard.com
Legal & General (Unit Trust Managers) Limited,One Coleman Street    London  EC2R 5AA UNITED KINGDOM , 44 02031242000 ,www.lgim.com
Scottish Widows Unit Trust Managers Limited,69 Morrison St    Edinburgh Midlothian EH3 8YF UNITED KINGDOM , 44 3457678910 ,www.scottishwidows.co.uk
BlackRock Fund Managers Limited,12 Throgmorton Avenue    LONDON  EC2N 2DL UNITED KINGDOM , 44 02077433000 ,-
Premier Fund Managers Ltd,Eastgate Court High Street   Guildford Surrey GU1 3DE UNITED KINGDOM , 44 01483306090 ,www.premierfunds.co.uk
Invesco Fund Managers Limited,Perpetual Park Perpetual Park Drive   Henley-on-Thames Oxfordshire RG9 1HH UNITED KINGDOM , 44 1491416032 ,http://www.invesco.co.uk/
Sterling ISA Managers Limited,Tricentre One New Bridge Square   Swindon Wiltshire SN1 1HN UNITED KINGDOM , 44 01793514514 ,-
Royal London Unit Trust Managers Limited,55 Gracechurch Street    London  EC3V 0RL UNITED KINGDOM , 44 02075066500 ,www.rlam.co.uk
BNY Mellon Fund Managers Limited,BNY Mellon Centre 160 Queen Victoria Street   London  EC4V 4LA UNITED KINGDOM , 44 02071635566 ,
Jupiter Unit Trust Managers Limited,Zig Zag Building 70 Victoria Street   London  SW1E 6SQ UNITED KINGDOM , +44 2038171000 ,www.jupiteram.com
Santander ISA Managers Limited,287 St. Vincent Street    Glasgow  G2 5NB UNITED KINGDOM , 44 08003281328 ,www.santander.co.uk
Premier Portfolio Managers Limited,Eastgate Court High Street   Guildford Surrey GU1 3DE UNITED KINGDOM , 44 01483306090 ,www.premierfunds.co.uk
BMO Asset Managers Limited,Exchange House Primrose Street   London  EC2A 2NY UNITED KINGDOM , 44 02076288000 ,www.bmogam.com
MAVORS Investment Managers LLP,1 Vine Street    London  W1J 0AH UNITED KINGDOM , 44 02072927020 ,http://www.mavorsinvest.com/
Five Arrows Managers LLP,"New Court, St Swithin's Lane,   London  EC4N 8AL UNITED KINGDOM ", 44 02072805000 ,www.rothschild.com
Marlborough Fund Managers Ltd,Marlborough House 59 Chorley New Road   Bolton Lancashire BL1 4QP UNITED KINGDOM , 44 01204380060 ,www.marlboroughfunds.com
N.F.U. Mutual Unit Managers Limited,Tiddington Road    Stratford-upon-Avon Warwickshire CV37 7BJ UNITED KINGDOM , 44 01789204211 ,
WAY Fund Managers Limited,Cedar House 3 Cedar Park Cobham Road  Wimborne Dorset BH21 7SB UNITED KINGDOM , 44 1202855856 ,www.wayfunds.com
Virgin Money Unit Trust Managers Ltd,Jubilee House Gosforth   Newcastle upon Tyne Tyne and Wear NE3 4PL UNITED KINGDOM , 44 034556008401 ,www.virginmoney.com
Thompson Taraz Managers Limited,Stanhope House 4th Floor 47 Park Lane  London  W1K 1PR UNITED KINGDOM , 44 2079078777 ,www.thompsontaraz.co.uk
BFS Funding Managers Limited,Lee House  90 Great Bridgewater Street  Manchester  M1 5JW UNITED KINGDOM , 44 1612454977 ,
Hargreaves Lansdown Fund Managers Limited,One College Square South Anchor Road   Bristol  BS1 5HL UNITED KINGDOM , +44 01179009000 ,www.hl.co.uk
Natixis Investment Managers UK Limited,1 Carter Lane    London  EC4V 5ER UNITED KINGDOM , 44 2034056000 ,http://www.im.natixis.com/
AXA Investment Managers GS Limited,7 Newgate St    London  EC1A 7NX UNITED KINGDOM , 44 02070031000 ,www.axa-im.co.uk
Capital Managers LLP,80 Berkeley Street    Glasgow Lanarkshire G3 7DS UNITED KINGDOM , 44 1412222322 ,
Investec Fund Managers Limited,Woolgate Exchange 25 Basinghall Street   London  EC2V 5HA UNITED KINGDOM , 44 02075972000 ,www.investecassetmanagement.com
HBOS Investment Fund Managers Limited,69 Morrison Street    Edinburgh Midlothian EH3 8BW UNITED KINGDOM , 44 3457394959 ,www.halifax.co.uk
Baring Fund Managers Limited,20 Old Bailey    London  EC4M 7BF UNITED KINGDOM , 44 02076286000 ,www.barings.com
James Hay WRAP Managers Limited,Dunn's House St. Paul's Road   Salisbury Wiltshire SP2 7BF UNITED KINGDOM , 44 07715312270 ,www.jameshay.co.uk
Intermediate Capital Managers Limited,Juxon House 100 St Paul's Churchyard   London  EC4M 8BU UNITED KINGDOM , 44 02032017700 ,www.icgam.com
Artemis Fund Managers Limited,Cassini House 57 St James's Street   London  SW1A 1LD UNITED KINGDOM , 44 08000922051 ,www.artemisonline.co.uk
Phoenix Unit Trust Managers Limited,1 Wythall Green Way Wythall   Birmingham West Midlands B47 6WG UNITED KINGDOM , 44 2035679100 ,www.phoenixunittrust.co.uk
Permira Debt Managers Limited,80 Pall Mall    London  SW1Y 5ES UNITED KINGDOM , 44 02076321000 ,www.permira.com
Reliance Unit Managers Limited,Utmost House 6 Vale Avenue   Tunbridge Wells Kent TN1 1RG UNITED KINGDOM , 44 01892510033 ,
Patrizia Property Investment Managers Limited Liability Partnership,166 Sloane Street    London  SW1X 9QF UNITED KINGDOM , 44 02077613361 ,-
Ignis Fund Managers Limited,6 St. Andrew Square    Edinburgh Midlothian EH2 2AH UNITED KINGDOM , 44 01312456600 ,www.aberdeenstandard.com
Bluesky Independent Wealth Managers Ltd,1 Simonsburn Road Loreny Industrial Estate   Kilmarnock Ayrshire KA1 5LA UNITED KINGDOM , 44 01563590037 ,www.wealthatbluesky.com
Cornelian Asset Managers Limited,30 Charlotte Square    Edinburgh Midlothian EH2 4ET UNITED KINGDOM , 44 01312434130 ,www.cornelianam.com
MFM Unit Trust Managers Limited,Marlborough House 59 Chorley New Road    Bolton Lancs BL1 4QP UNITED KINGDOM , 44 01204380060 ,
Charterhouse Wealth Managers LLP,Temple Chambers 3-7 Temple Avenue   London  EC4Y 0HP UNITED KINGDOM , 44 08453190009 ,charterhousewm.com
Butler Investment Managers Ltd,4th Floor 11 Hanover Street   London  W1S 1YQ UNITED KINGDOM ,   ,
Capricorn Fund Managers Limited,"Second Floor, Malta House 36-38 Piccadilly  London  W1J 0DP UNITED KINGDOM ", 44 2073174422 ,http://www.capricornfundmanagers.com/
Leo Fund Managers Limited,27 Hill Street    London  W1J 5LP UNITED KINGDOM , 44 02072909826 ,www.duetgroup.net
SV Health Managers LLP,1st Floor 71 Kingsway   London  WC2B 6ST UNITED KINGDOM , 44 02074217070 ,www.svhealthinvestors.com
CCLA Fund Managers Limited,Senator House 85 Queen Victoria Street   London  EC4V 4ET UNITED KINGDOM , 44 02074896000 ,www.ccla.co.uk
TPI Fund Managers Limited,125 Finsbury Pavement    London  EC2A 1NQ UNITED KINGDOM , 44 2078774102 ,
Wesleyan Unit Trust Managers Limited,Colmore Circus    Birmingham West Midlands B4 6AR UNITED KINGDOM , 44 08003581122 ,www.wesleyan.co.uk
TFC Wealth Managers Ltd,119 Bardykes Road Blantyre   Glasgow Lanarkshire G72 9UH UNITED KINGDOM , 44 1698712233 ,
Charteris Treasury Portfolio Managers Limited,8-9 Lovat Lane    London  EC3R 8DW UNITED KINGDOM , 44 02072209780 ,www.charteris.co.uk
LDC (Managers) Limited,One Vine Street    London  W1J 0AH UNITED KINGDOM , 44 02077583680 ,www.ldc.co.uk
Epiris Managers LLP,Forum St Paul's 33 Gutter Lane   London  EC2V 8AS UNITED KINGDOM , 44 02072144200 ,
AVN Wealth Managers LLP,A V N House 7 Midland Way Barlborough  Chesterfield Derbyshire S43 4XA UNITED KINGDOM , +44 08452179943 ,www.avnwealthmanagers.co.uk
Carne Global Fund Managers (UK) Limited,Tallis House 2 Tallis Street   London  EC4Y 0AB UNITED KINGDOM , 44 2036665259 ,
Strategic Asset Managers Limited,Castle Mews 2 Old Glasgow Road Uddingston  Glasgow Lanarkshire G71 7HF UNITED KINGDOM , 44 08450540433 ,www.strategicassetmanagers.co.uk
HK Wealth Managers Ltd,Forsyth House Lomond Court Castle Business Park  Stirling Stirlingshire FK9 4TU UNITED KINGDOM , 44 01786431760 ,www.hkwm.co.uk
Viking Fund Managers Limited,1 Capitol Court Capitol Business Park Dodworth  Barnsley  S75 3TZ UNITED KINGDOM , 44 01738587555 ,-
Seneca Investment Managers Limited,Tenth Floor Horton House Exchange Flags  Liverpool Merseyside L2 3YL UNITED KINGDOM , 44 01519062450 ,www.senecaim.com
Scottish Friendly Asset Managers Limited,Scottish Friendly House 16 Blythswood Square   Glasgow Lanarkshire G2 4HJ UNITED KINGDOM , 44 01412755000 ,www.scottishfriendly.co.uk
Capital For Enterprise Fund Managers Ltd,Steel City House West Street   Sheffield South Yorkshire S3 8NH UNITED KINGDOM , +44 01142062131 ,www.british-business-bank.co.uk
FSE Fund Managers Limited,"Riverside House 4 Meadows Business Park, Station Approach Blackwater  Camberley Surrey GU17 9AB UNITED KINGDOM ", 44 01276608510 ,
Blyth-Richmond Investment Managers,190 Station Road Cropston   Leicester Leicestershire LE7 7HF UNITED KINGDOM , 44 01162303663 ,
MGA Managers Limited,Craven House 16 Northumberland Avenue   London  WC2N 5AP UNITED KINGDOM , 44 7717343069 ,
Jessop Fund Managers Limited,6th Floor 65 Gresham Street   London  EC2V 7NQ UNITED KINGDOM , 44 08706072555 ,
Dragon Investment Managers Ltd,92 Bowen Court    St Asaph Denbighshire LL17 0JE UNITED KINGDOM , 44 01745530202 ,
Global Aerospace Underwriting Managers Limited,Attention: Sara De Palma Fitzwilliam House 10. St Mary Axe  London  EC3A 8EQ UNITED KINGDOM , 44 02073692791 ,www.global-aero.co.uk
Doughty Hanson & Co Managers Ltd,45 Pall Mall    London  SW1Y 5JG UNITED KINGDOM , 44 02076639431 ,www.dhpep.com
WestBridge Fund Managers Limited,"First Floor The Gatehouse, Melrose Hall Cypress Drive St Mellons Cardiff South Glam CF3 0EG UNITED KINGDOM ", 44 02920546250 ,www.westbridgecapital.co.uk
Antonine Investment Managers Limited,The Hub Beancross Road   Grangemouth Stirlingshire FK3 8WH UNITED KINGDOM , 44 01324478248 ,
Anthemis Capital Managers Limited,5th-6th Floor 44 Great Marlborough Street   London  W1F 7JL UNITED KINGDOM , 44 2036530106 ,
Orion Capital Managers LLP,2 Cavendish Square    London  W1G 0PD UNITED KINGDOM , 44 02071992000 ,
Baobab Investment Managers Ltd,1 Byeways Highclere   Newbury Hampshire RG20 9PA UNITED KINGDOM , 44 02079932328 ,-
TCF Fund Managers LLP,107 Cheapside    London  EC2V 6DN UNITED KINGDOM , 44 02071939704 ,www.tcfinvestment.com
Active Investment Managers Limited,Assurance House 174 Kingston Road Willerby  Hull North Humberside HU10 6LX UNITED KINGDOM , 44 01482659364 ,www.morgan-williams.co.uk
SVGC Managers Limited,6 Kean Street    London  WC2B 4AS UNITED KINGDOM , 44 02034570057 ,www.svgcmanagers.com
Debt Managers (Services) Limited,Debt Managers (Services) Ltd The Heriot Building Dodds Close  Rotherham South Yorkshire S60 1BX UNITED KINGDOM , +44 01709758449 ,www.debt-managers.co.uk
Kevin James Smith Wealth Managers LLP,"21 Glanymor Park Drive, Glanymor Park Loughor   Swansea West Glamorgan SA4 6UQ UNITED KINGDOM ", 44 1792527168 ,
Affiliated Managers Group Limited,35 Park Lane    London  W1K 1RB UNITED KINGDOM , +44 02072906800 ,-
Star Fund Managers LLP,4 Carlton Gardens    London  SW1Y 5AA UNITED KINGDOM , 44 02034781803 ,-
Catapult Venture Managers Limited,Binder House 7 Narborough Wood Park Desford Road Enderby Leicester Leicestershire LE19 4XT UNITED KINGDOM , 44 01162388200 ,www.catapult-ventures.com
Baker Steel Capital Managers LLP,Dover House 34 Dover Street   London  W1S 4NG UNITED KINGDOM , 44 02073890009 ,www.bakersteelcap.com
Tilney Fund Managers Limited,The Observatory Western Road   Bracknell Berkshire RG12 1TL UNITED KINGDOM , +44 1344828000 ,www.tilney.co.uk
Specialty Underwriting Managers Ltd,Cobtree Court Dargate Road Yorkletts  Whitstable Kent CT5 3AD UNITED KINGDOM , 44 7771522283 ,
Lazard Fund Managers Limited,50 Stratton Street    London  W1J 8LL UNITED KINGDOM , 44 02075882721 ,www.lazardnet.com
Apax Partners Europe Managers Ltd,33 Jermyn Street    London  SW1Y 6DN UNITED KINGDOM , 44 02078726300 ,www.apax.com
The 140 Investment Managers Ltd,17 Grosvenor Gardens    London  SW1W 0BD UNITED KINGDOM , 44 02078349797 ,-
Saracen Fund Managers Limited,19 Rutland Square    Edinburgh Midlothian EH1 2BB UNITED KINGDOM , 44 01312029100 ,saracenfundmanagers.com
Frogmore Real Estate Partners Fund Managers Ltd,11/15 Wigmore Street    London  W1A 2JZ UNITED KINGDOM , +44 02070166025 ,
Oakley Investment Managers LLP,3 Cadogan Gate Chelsea  London   SW1X 0AS UNITED KINGDOM , 44 02077666911 ,
Alliance Fund Managers Limited,"2nd Floor, Exchange Court 1 Dale St  Liverpool  L2 2PP UNITED KINGDOM ", 44 1512364040 ,www.msif.co.uk
Miton Trust Managers Limited,Miton Trust Managers Limited 6th Floor Paternoster House 65 St. Paul's Churchyard London  EC4M 8AB UNITED KINGDOM , +44 2037141500 ,www.mitongroup.com
Plurimi Investment Managers LLP,Trafalgar House 11 Waterloo Place   London  SW1Y 4AU UNITED KINGDOM , 44 2074843343 ,
St Brides Managers LLP,5 St. Bride Street    London  EC4A 4AS UNITED KINGDOM , 44 02070781961 ,http://www.stbridesmanagers.com/
Coach House Investment Managers Limited,White House Church Lane Sparsholt  Winchester Hampshire SO21 2NJ UNITED KINGDOM , 44 01962453002 ,www.coachhousegroup.co.uk
NEL Fund Managers Limited,", Unit 4 Enterprise House Kingsway Team Valley Trading Estate Gateshead Tyne and Wear NE11 0SR UNITED KINGDOM ", 44 08451111850 ,www.nel.co.uk
Notion Capital Managers LLP,91 Wimpole Street    London  W1G 0EF UNITED KINGDOM , 44 7887714814 ,http://www.notioncapital.com/
Centurion Portfolio Managers Limited,33 St James's Square    London  SW1Y 4JS UNITED KINGDOM , 44 02070795850 ,-
BMO Managers Limited,Exchange House Primrose Street   London  EC2A 2NY UNITED KINGDOM , 44 02076288000 ,www.bmogam.com
Family PEP Managers Limited,17 West Street    Brighton East Sussex BN1 2RL UNITED KINGDOM , 44 01273725272 ,www.onefamily.com
Sector Investment Managers Ltd,67 Grosvenor St    London  W1K 3JN UNITED KINGDOM , 44 02072837711 ,www.sectorinvestments.com
Private Healthcare Managers Limited,Wessex House Upper Market Street   Eastleigh Hampshire SO50 9FD UNITED KINGDOM , 44 02380617400 ,
Clarendon Fund Managers Ltd,8th Floor City Exchange 11-13 Gloucester Street  Belfast  BT1 4LS UNITED KINGDOM , 44 02890326465 ,-
Riverside Capital Fund Managers Limited,11 Berkeley Street    London  W1J 8DS UNITED KINGDOM , 44 2072974480 ,www.rivercap.co.uk
Aberforth Unit Trust Managers Ltd,14 Melville Street    Edinburgh Midlothian EH3 7NS UNITED KINGDOM , 44 01312200733 ,www.aberforth.co.uk
LIG Marine Managers,New London House 6 London Street   London  EC3R 7LP UNITED KINGDOM , - 0442071019395 ,www.liginsurance.com
RSG Underwriting Managers Europe Limited,62 Cornhill 1st floor   London  EC3V 3NH UNITED KINGDOM , 44 1302303619 ,
Target Managers Limited,Laurel House Laurelhill Business Park   Stirling Stirlingshire FK7 9JQ UNITED KINGDOM , 44 1786845912 ,www.targetadvisers.co.uk
Connection Capital Fund Managers Limited,Woolverstone House 61-62 Berners Street   London  W1T 3NJ UNITED KINGDOM , 44 2036964010 ,www.connectioncapital.co.uk
Resilient Fund Managers Ltd,Norwich House 22 - 30 Horsefair Street   Leicester Leicestershire LE1 5BD UNITED KINGDOM , 44 01162045500 ,www.ghcfund.co.uk
"Berkley Offshore Underwriting Managers UK, Ltd",Level 13 The Scalpel 52 Lime Street  London  EC3M 7AF UNITED KINGDOM , +44 02073371400 ,-
TDR Capital Managers Limited,20 Bentinck Street    London  W1U 2EU UNITED KINGDOM , 44 2073994200 ,www.tdrcapital.com
Mortgage Managers Ltd,18 Doctor Lang Place    Brechin Angus DD9 6BF UNITED KINGDOM , 44 1356623644 ,https://www.mortgagemanagersltd.co.uk
Risk Managers Limited,4 Fernwood Avenue    Newcastle upon Tyne Tyne and Wear NE3 5DJ UNITED KINGDOM , 44 7738734982 ,www.rtman.co.uk
Alliance Trust Equity Partners Limited,8 West Marketgait    Dundee Angus DD1 1QN UNITED KINGDOM , +44 1382321010 ,-
Aylwin Ltd,Upper Farm Wootton St. Lawrence   Basingstoke Hampshire RG23 8PE UNITED KINGDOM , 44 01256783546 ,WWW.ALLWIN-IFA.CO.UK
Baillie Gifford Savings Management Limited,Calton Square 1 Greenside Row   Edinburgh Midlothian EH1 3AN UNITED KINGDOM , 44 01312752000 ,www.bailliegifford.com
Ignis Investment Services Limited,6 St. Andrew Square    Edinburgh Midlothian EH2 2AH UNITED KINGDOM , 44 01312456600 ,www.aberdeenstandard.com
Franklin Templeton Fund Management Limited,"2nd Floor, Toronto Square Infirmary Street   Leeds Yorkshire LS1 2HJ UNITED KINGDOM ", 44 01132245900 ,www.franklintempleton.co.uk
Keith Montgomery Associates Limited,Tallut House Yatton Keynell   Chippenham Wiltshire SN14 7EL UNITED KINGDOM , 44 1249782871 ,www.montgomeryassociates.co.uk
Charles Stanley & Co Ltd,55 Bishopsgate    London  EC2N 3AS UNITED KINGDOM , 44 02077398200 ,www.charles-stanley.co.uk
Charterhouse General Partners (VIII) Limited,Warwick Court Paternoster Square   London  Ec4M 7DX UNITED KINGDOM , 44 02073345300 ,
IIFL Wealth (UK) Limited,19 Berkeley Street    London  W1J 8ED UNITED KINGDOM , +44 02079936929 ,www.iiflw.com
London Marine Insurance Services Limited,150-152 Fenchurch Street    London  EC3M 6BB UNITED KINGDOM , 44 08451300533 ,www.london-marine.co.uk
NS PARTNERS LTD,One Knightsbridge Green    London London SW1X 7QA UNITED KINGDOM , 44 02035358111 ,-
Pen Underwriting Limited,67 Lombard Street     London EC3V 9LJ UNITED KINGDOM , 44 2072048349 ,www.penunderwriting.co.uk
The Fund Incubator Limited,4th Floor 20 - 22 Bedford Row   London  WC1R 4EB UNITED KINGDOM , 44 07771292930 ,
RBS Collective Investment Funds Limited,House D 2nd Floor Gogarburn  Edinburgh  EH12 1HQ UNITED KINGDOM , 44 01316261058 ,https://personal.rbs.co.uk/personal/investments/existing-customers/Collective_Investments.html
CCLA Investment Management Ltd,Senator House 85 Queen Victoria Street   London  EC4V 4ET UNITED KINGDOM , 44 2074896000 ,www.ccla.co.uk
DCML Limited,1 Waterloo Court Waterloo Road   Stockport Cheshire SK1 3DU UNITED KINGDOM , 44 8444152400 ,www.dcml.co.uk
Baird Capital Partners Europe Limited,Finsbury Circus House 15 Finsbury Circus   London  EC2M 7EB UNITED KINGDOM , 44 02074881212 ,www.rwbaird.com
HSBC Global Asset Management (UK) Limited,8 Canada Square    London  E14 5HQ UNITED KINGDOM , 44 02079924172 ,www.assetmanagement.hsbc.com/uk
Raymond James Investment Services Ltd,Broadwalk House 5 Appold Street   London  EC2A 2AG UNITED KINGDOM , 44 2037983000 ,http://www.raymondjames.uk.com/
Amati Global Investors Limited,8 Coates Crescent    Edinburgh Midlothian EH3 7AL UNITED KINGDOM , 44 01315039100 ,www.amatiglobal.com
OLIM Ltd,1 Kings Arms Yard    London  EC2R 7AF UNITED KINGDOM , 44 2073675660 ,www.olim.co.uk
UBS Asset Management Funds Ltd,5 Broadgate    London  EC2M 2QS UNITED KINGDOM , 44 02075678000 ,www.ubs.com
Herald Investment Management Limited,10/11 Charterhouse Square    London  EC1M 6EE UNITED KINGDOM , 44 02075536300 ,www.heralduk.com
Saltus Partners LLP,5th Floor 10 Charles II Street   London  SW1Y 4AA UNITED KINGDOM , 44 02074990200 ,www.saltus.co.uk
Sean Gilbert Ltd,20 McNaughton Court    Stirling Stirlingshire FK8 2PY UNITED KINGDOM , 44 3302231653 ,
YFM Private Equity Limited,5th Floor Valiant Building 14 South Parade  Leeds West Yorkshire LS1 5QS UNITED KINGDOM , +44 1132441000 ,www.yfmep.com
Insight Investment Funds Management Ltd,160 Queen Victoria St    London  EC4V 4LA UNITED KINGDOM , 44 02071634000 ,www.insightinvestment.com
OVL Group Limited,Brightwell Farm Brightwell Baldwin   Watlington Oxfordshire OX49 5NP UNITED KINGDOM , +44 01491615500 ,www.ovl.co.uk
Crescent Capital NI Limited,7 Upper Crescent    Belfast County Antrim BT7 1NT UNITED KINGDOM , 44 02890233633 ,www.crescentcapital.co.uk
Montanaro Asset Management Limited,53 Threadneedle Street    London  EC2R 8AR UNITED KINGDOM , 44 02074488600 ,wwww.montanaro.co.uk
J H Lowson & Company Limited,3rd Floor Rosemary House North Road   Lancaster Lancashire LA1 1LU UNITED KINGDOM , 44 0152469831 ,www.lowco.uk
Lynas Vokes Investments Ltd,Welbourne Lane East Holbeach   Spalding Lincolnshire PE12 8AB UNITED KINGDOM , 44 01406424950 ,www.lynasvokes.co.uk
Merian Global Investors (UK) Limited,2 Lambeth Hill    London  EC4P 4WR UNITED KINGDOM , 44 2073327500 ,www.merian.com
Prudential Lifetime Mortgages Limited,3 Sheldon Square    London  W2 6PR UNITED KINGDOM , 44 8456050642 ,www.pru.co.uk
Smith & Williamson Fund Administration Limited,25 Moorgate    London  EC2R 6AY UNITED KINGDOM , 44 02071314000 ,www.smithandwilliamson.com
Investment and Tax Advisory Services Limited,Cedar House 3 Cedar Park Cobham Road  Wimborne Dorset BH21 7SB UNITED KINGDOM , 44 01202804513 ,www.wilcoxyoung.co.uk
Provisio Limited,The Nexus Building Broadway   Letchworth Garden City Hertfordshire SG6 9BN UNITED KINGDOM , +44 01462687337 ,www.provisio.co.uk
Alex De Silva & Co Limited,Kingswood Golf & Country Club Sandy Lane Kingswood  Tadworth Surrey KT20 6NE UNITED KINGDOM , 44 1737644800 ,www.alexdesilvaco.com
"Wells Fargo Asset Management (International), LLC",33 King William Street    London  EC4R 9AT UNITED KINGDOM , 44 2039428000 ,www.wellsfargoassetmanagement.com
Tindall Riley & Co Limited,Regis House 45 King William Street   London  EC4A 9AN UNITED KINGDOM , 44 02074073588 ,www.tindallriley.co.uk
Affinion International Limited,2nd and 3rd Floors Charter Court Windsor Road  Slough Berkshire SL1 2EJ UNITED KINGDOM , 44 1753828600 ,
EES Capital Trustees Limited,EES Capital Trustees Limited The Pavilions Bridgwater Road  Bristol  BS13 8AE UNITED KINGDOM , 44 03707020003 ,www-uk.computershare.com
Midven Limited,Cavendish House 39 - 41 Waterloo Street   Birmingham  B2 5PP UNITED KINGDOM , 44 1217101990 ,www.midven.co.uk
ETF Partners LLP,20 Berkeley Square    London  W1J 6EQ UNITED KINGDOM , 44 2073180702 ,
Engage Mutual Funds Limited,16-17 West Street    Brighton East Sussex BN1 2RL UNITED KINGDOM , 44 01273725272 ,www.onefamily.com
Fundrock Partners Limited,FundRock Partners Limited Second Floor 52-54 Gracechurch Street  London  EC3V 0EH UNITED KINGDOM , 44 2073981526 ,http://www.fundrock.com/
Fogwill & Jones Asset Management Ltd,De Vere House Unit 4 Acorn Business Park Woodseats Close  Sheffield South Yorkshire S8 0TB UNITED KINGDOM , 44 01142588899 ,www.fogwillandjones.co.uk
Minerva Money Management Limited,17 Shirwell Crescent Furzton   Milton Keynes Buckinghamshire MK4 1GA UNITED KINGDOM , 44 1908592503 ,www.minervamoneymanagement.co.uk
Naisbitt King Asset Management Limited,3 Laurence Pountney Hill    London  EC4R 0EU UNITED KINGDOM , 44 2074488008 ,www.naisbittking.com
M&G Investment Management Limited,Governors House 5 Laurence Pountney Hill   London  EC4R 0HH UNITED KINGDOM , 44 2070044145 ,www.mandg.co.uk
Rockwells Investment Advisers Limited,3 Monson Road    Tunbridge Wells Kent TN1 1LH UNITED KINGDOM , 44 01892545424 ,-
T. Bailey Fund Services Limited,64 St James's Street    Nottingham Nottinghamshire NG1 6FJ UNITED KINGDOM , 44 01159888200 ,www.tbailey.co.uk
Vencap International Plc,Seacourt Tower West Way   Oxford Oxfordshire OX2 0JJ UNITED KINGDOM , 44 1865799300 ,www.vencap.com
ACPI Investments Limited,Pegasus House 37-43 Sackville Street   London  W1S 3EQ UNITED KINGDOM , 44 02036979500 ,www.acpi.com
Aon UK Limited,The AON Centre The Leadenhall Building 122 Leadenhall Street  London  EC3V 4AN UNITED KINGDOM , 44 2070860815 ,www.aon.com
Legg Mason Investments (Europe) Limited,201 Bishopsgate    London  EC2M 3AB UNITED KINGDOM ,   ,www.leggmason.co.uk
Chenavari Credit Partners LLP,5th Floor 80 Victoria Street   London  SW1E 5JL UNITED KINGDOM , 44 02072593600 ,www.chenavari.com
Tritax Securities 1 Limited,The Lodge Odell   Bedford Bedfordshire MK43 7BB UNITED KINGDOM , 44 01234720188 ,
First State Investments (UK) Limited,Finsbury Circus House 15 Finsbury Circus   London London EC2M 7EB UNITED KINGDOM , +44 02073326500 ,www.firststate.co.uk
Positive Solutions (Financial Services) Limited,Riverside House The Waterfront   Newcastle upon Tyne Tyne and Wear NE15 8NY UNITED KINGDOM , 44 1912410700 ,
Threadneedle Asset Management Limited,Cannon Place 78 Cannon Street   London  EC4N 6AG UNITED KINGDOM , 44 02074645000 ,www.columbiathreadneedle.com
EOS Investment Management Limited,67 Grosvenor Street    London  W1K 3JN UNITED KINGDOM , 44 2037097761 ,www.eosinvestment.co.uk
J.P. Morgan Trustee & Administration Services Limited,60 Victoria Embankment    London  EC4Y 0JP UNITED KINGDOM , 44 0800727770 ,https://am.jpmorgan.com/gb/en/asset-management/gim/welcome
Jardine Finan Ltd,Pacific House Fletcher Way Parkhouse  Carlisle  CA3 0LJ UNITED KINGDOM , +44 01228406397 ,www.jardinefinan.com
Sapia Partners LLP,134 Buckingham Palace Road    London  SW1W 9SA UNITED KINGDOM , +44 02036961302 ,www.sapiapartners.com
Midas Investment Management Limited,Sheppards House Piggotts Hall Congleton Lane Lower Withington Macclesfield Cheshire SK11 9LD UNITED KINGDOM , 44 01612502155 ,www.midasim.co.uk
Financial Guardian (UK) Ltd,C1 Conway House Ackhurst Business Park Foxhole Road  Chorley Lancashire PR7 1NY UNITED KINGDOM , +44 01257794277 ,www.financialguardian.co.uk
McInroy & Wood Portfolios Limited,Easter Alderston    Haddington East Lothian EH41 3SF UNITED KINGDOM , 44 01620825867 ,www.mcinroywood.co.uk
Tankard Wealth Limited,27 Knightsbridge    London  SW1X 7LY UNITED KINGDOM , 44 2031377983 ,www.tankardwealth.com
Santander Asset Management UK Limited,287 St. Vincent Street    Glasgow  G2 5NB UNITED KINGDOM , 44 08456000181 ,
Elite Financial Advice Ltd,201 Bath Street    Glasgow  G2 4HZ UNITED KINGDOM , 44 1414061346 ,
Rosetta Capital Limited,c/o Oculus Accountancy 83 Victoria Street   London  SW1H 0HW UNITED KINGDOM , 44 02071948080 ,www.rosettacapital.com
Link Fund Solutions Limited,6th Floor 65 Gresham Street   London  EC2V 7NQ UNITED KINGDOM , 44 08706072555 ,www.linkassetservices.com
CBRE Global Investment Partners Limited,Third Floor One New Change   London  EC4M 9AF UNITED KINGDOM , 44 02078099000 ,www.cbreglobalinvestors.com
RLUM Limited,Royal London House Alderley Road   Wilmslow Cheshire SK9 1PF UNITED KINGDOM , 44 01625605115 ,www.royallondongroup.co.uk
Ascencia Investment Management Limited,Frenkel House 15 Carolina Way   Salford Greater Manchester M50 2ZY UNITED KINGDOM , 44 1618868000 ,www.frenkeltopping.co.uk
RWC Partners Limited,RWC Partners Limited Verde 10 Bressenden Place  London  SW1E 5DH UNITED KINGDOM , 44 02072276000 ,rwcpartners.com
NCM Management (UK) Limited,Octagon Point Suite 301 5 Cheapside  London  EC2V 6AA UNITED KINGDOM , 44 02079011760 ,www.nova-cap.com
CQS (UK) LLP,4th Floor One Strand   London  WC2N 5HR UNITED KINGDOM , 44 02072016900 ,www.cqs.com
AlphaGen Capital Limited,201 Bishopsgate    London  EC2M 3AE UNITED KINGDOM , 44 2078184747 ,www.janushenderson.com
Plurimi Wealth LLP,Trafalgar House 11-12 Waterloo Place    London  SW1Y 4AU UNITED KINGDOM , 44 02074843340 ,www.plurimicapital.com
Silverfleet Capital Limited,1 Carter Lane    London  EC4V 5ER UNITED KINGDOM , 44 02078221000 ,www.silverfleetcapital.com
WAM Capital LLP,Princes House 38 Jermyn Street   London  SW1Y 6DN UNITED KINGDOM , +44 2078517341 ,www.wamllp.com
Thompson Taraz Depositary Limited,Stanhope House 4th Floor 47 Park Lane  London  W1K 1PR UNITED KINGDOM , 44 02079078777 ,www.thompsontaraz.co.uk
Dayinsure.com Limited,Mara House Tarporley Business Centre Nantwich Road  Tarporley Cheshire CW6 9UY UNITED KINGDOM , 44 3330050944 ,
Sarasin Investment Funds Limited,Juxon House 100 St Pauls Churchyard   London  EC4M 8BU UNITED KINGDOM , 44 02070387000 ,www.sarasinandpartners.com
Host Capital Limited,73 New Bond Street    London  W1S 1RS UNITED KINGDOM , 44 02072909490 ,www.hostcapital.com
CMME Mortgages And Protection Limited,Albany House 5 Omega Park   Alton Hampshire GU34 2QE UNITED KINGDOM , 44 1489555080 ,www.cmmemortgages.com
Kempen Capital Management (UK) Limited,41 Melville Street    Edinburgh Midlothian EH3 7JF SCOTLAND , 44 01312266985 ,
London Management Group Limited,105 Piccadilly    London  W1J 7NJ UNITED KINGDOM , 44 2074085115 ,
BlackRock Investment Management (UK) Limited,12 Throgmorton Avenue    London  EC2N 2DL UNITED KINGDOM , 44 02077433000 ,-
Nuveen Real Estate Management Limited,201 Bishopsgate    London  EC2M 3BN UNITED KINGDOM , 44 2037278000 ,
McParland Finn Limited,Barlow House 4 Minshull Street   Manchester Lancashire M1 3DZ UNITED KINGDOM , 44 01612362532 ,www.m-f-l.co.uk
Thesis Asset Management Limited,Exchange Building St John's Street   Chichester West Sussex PO19 1UP UNITED KINGDOM , 44 01243753442 ,www.thesisam.com
Tilney US Services LLP,6 Chesterfield Gardens    London  W1J 5BQ UNITED KINGDOM , 44 02071899999 ,www.tilney.co.uk
Zuned Saleh,7 Epsom Way Kirkheaton   Huddersfield West Yorkshire HD5 0LE UNITED KINGDOM , +44 01484363703 ,
Legg Mason Investment Funds Limited,201 Bishopsgate    London  EC2M 3AB UNITED KINGDOM , 44 02073921929 ,www.leggmason.co.uk
Computershare Investor Services Plc,Bridgwater Road    Bristol  BS13 8AE UNITED KINGDOM , 44 03707020003 ,www-uk.computershare.com
ET Capital Limited,15a Water Lane Impington   Cambridge Cambridgeshire CB24 9XW UNITED KINGDOM , 44 01223236632 ,
Ennismore Fund Management Limited,5 Kensington Church Street    London  W8 4LD UNITED KINGDOM , 44 02073684224 ,
Hawksmoor Investment Management Ltd,Sterling Court 17 Dix's Field   Exeter Devon EX1 1QA UNITED KINGDOM , 44 01392410180 ,www.hawksmoorim.co.uk
Cranbury Properties Ltd,502 Muswell Hill Broadway    London  N10 1BT UNITED KINGDOM , 44 02088836867 ,
Myddleton Croft Ltd,No. 1 Airport West Lancaster Way   Leeds  LS19 7ZA UNITED KINGDOM , 44 01132747700 ,www.myddletoncroft.co.uk
Aviva Investors UK Fund Services Limited,1 Undershaft    London  EC3P 3DQ UNITED KINGDOM , 44 02078096000 ,www.avivainvestors.com
Phoenix Equity Partners Limited,10th Floor 123 Victoria Street   London  SW1E 6DE UNITED KINGDOM , 44 02074346999 ,www.phoenix-equity.com
Spark Impact Limited,Liverpool Science Park 131 Mount Pleasant   Liverpool Merseyside L3 5TF UNITED KINGDOM , 44 1517053416 ,
Momentum Global Investment Management Limited,2nd floor The Rex Building 62 Queen Street  London  EC4R 1EB UNITED KINGDOM , 44 2074897223 ,www.momentumgim.co.uk
Sand Aire Limited,105 Wigmore Street    London  W1U 1QY UNITED KINGDOM , 44 02072905200 ,www.sandaire.com
Threadneedle Pensions Limited,Cannon Place 78 Cannon Street   London  EC4N 6AG UNITED KINGDOM , 44 02074645000 ,www.columbiathreadneedle.com
GVQ Investment Management Limited,16 Berkeley Street    London  W1J 8DZ UNITED KINGDOM , 44 2039074190 ,www.gvqim.com
Towergate Underwriting Group Limited,Towergate House Eclipse Park Sittingbourne Road  Maidstone Kent ME14 3EN UNITED KINGDOM , 44 3448921500 ,www.towergate.co.uk
Marlborough Investment Management Limited,"Croxall Hall Croxall Road, Croxall   Nr Alrewas Staffordshire WS13 8RA UNITED KINGDOM ", 44 01283791600 ,
The Quartz Partnership Limited,Breakspear Park Breakspear Way   Hemel Hempstead Hertfordshire HP2 4TZ UNITED KINGDOM , +44 01444390544 ,www.veritascs.co.uk
